,entities
0,HBO &
1,5119-bc93-d55dae621890.html](https://elkodaily.com
2,Google Music
3,Hotel
4,Seasons 1 & 2
5,Run the Internet
6,no?As I
7,Parks & Rec
8, Kids Extra
9,Samsung smartTV
10,‚ÄúFuller House
11,OT
12,http://dennysantennaservice.com/hd_stacker_tv_antenna-html.html
13,Fox Sports 1
14,PCI
15,UNTIL
16,Comedy Central
17,the Nvidia Shield
18,DSC
19,Iview Converter Box](https://www.walmart.com/
20,Yahoo
21, Go
22,MILD
23,Police/Fire/EMS
24,Straight Talk
25,HDMI cable./u/
26,ESPN Insiders
27,AMA
28,FUCKING CABLE
29,Now Disney
30,S+
31,PS Vue or Comcast
32,Mets
33,Telecoms
34,WebTV
35,PHIL
36,AT&T Home Base
37,NowI
38,Features &
39,RB
40,AT&T Watch
41,MTV2
42,Scripps
43,WLAN
44,WB/AT&T.
45,X6
46,OTA TV
47,WSOC-CR
48,AT&T DSL
49,Xbox
50,the Air TV Black Box
51,Team Coco
52,ClearStream 2V Indoor/Outdoor
53,MSNBC
54,HDMI1
55,VH1
56,UPnP
57,YouTube TV Free 7 day Trial
58,the MSG Networks
59,Apple TV‚Äôs
60,Top Rank Boxing
61,NFL
62,GPU
63,MaxGo
64,"Certified Xfinity Comcast, Spectrum"
65,2018:[https://www.nbcnewyork.com/news/
66,UPS
67,Omni
68,Iron Fist
69,Wife
70,PS Vue Core
71,J League
72,DMCA
73,DirecTvNow
74,BET
75,Univision.](https://www.reddit.com
76,the Food Network.&#x200B;Check
77,Blu-ray &
78,InuYasha
79,the YES Network
80,DVR+
81,WTB
82,Phillies
83,The Weather Network
84, Roku
85,Apple TV Nor PS4
86,Verizon DSL
87,Cars Getting Coffee
88,AT&T Wireless
89,Hornets
90,~~align~~
91,Ergaon
92,AFC Champions League
93,Attack of the Sabertooth
94,Celtics
95,UHD
96,App (
97,MediaCom
98,ShowTime
99,MPEG2
100,Shudder TV
101,Spotify
102,FLV
103,DVR‚Äôd
104,Cable One
105,VUE
106,NeeGo-Telephone-Microphone-Conversations-Recording/dp/
107,WY (
108,OWN
109,the ESPN App
110,Wells Fargo
111,Univision
112,Tiffany
113,copies](https://www.cnet.com/news/amazon
114,"Marvel, Pixar"
115,Mockingbird16
116,HO
117,Paramount
118,Al Jazeera
119,FAQ
120,FOX)Amazon
121,Pair
122,nVidia
123,Universal
124,SYFY
125,USB
126,Vizio Smart TV
127,NBA Team
128,PDT
129,Steam Link
130,FYIESPN+
131,the Google-Apple-Amazon
132,Voltron
133,the Apple Store
134,Hulu Live
135,Wikipedia
136,CA
137,Cable TV
138,Tmobile
139,Ala
140,the Roku?
141,YT
142,Roku's
143,fuboTV
144,Lesser
145,Bleacher
146,DOCSIS
147,NBA
148,ABC & Fox
149,Rogers
150,NY Rangers Hockey
151,Spectrum
152, Hulu with Live TV
153,Charter/Spectrum's
154,ARCA
155,the Asus RT-AC86U
156,DTVnow
157,Charter Communications Inc.
158,IDK
159,DIRECTV Satellite
160,HarmonQuest
161,Canceled Sling TV
162,Starry](www.starry.com
163,"the Control Center.""So"
164,Lemieux
165,NJ
166,SVOD
167,Gotchyou
168,Nighthawks
169,Remove
170,Fandor
171,FX
172,LOL
173,QAM
174,Digital Tuner Box
175, TV
176,affiliates
177,Samsung Smart TV
178,the Arris Surfboard
179,VHF & UHF
180,Amazon Showjust
181,Cheaper
182,the Yahoo Sports
183,VOIP
184,MINE
185,~344865
186,Weather Nation
187,K TCL Roku
188,the Roku Express
189,Sony
190,Good---
191,OFFICIAL
192,r/
193,CMT
194,Google/Gmail
195,TVHeadend
196,Cablevision/Altice
197,YouTube Tv
198,Goldman Sachs Group
199,WallyWorld
200,the Lifestyle Extra Package
201,My Roku TV
202,UniMas
203,SkyNews
204,Verizon FIOS TV
205,the Disney Vault
206,TVFool
207,"History,"
208,Column 2 - REAL
209,Roku or Fire TV
210,WiFi
211,ImOn
212,Digital Converters Box
213,DirectTV Now
214,PhiloPhilo
215,Core
216,Braves
217,TVF
218,TW
219,Bowtie Antenna](https://www.amazon.com
220,Acorn TV
221,Fiber
222,WeatherNetwork
223,rerun.&#x200B;I
224,ME-TV
225,CBS All Access
226,‚ÄúJustice League‚Äù
227,Firstnet for First Responders
228,ROI
229,Super Sport
230,LG UHD 4k TV
231,NL
232,CSPAN
233,Showtime](http://www.multichannel.com/news/content/
234,Android
235,Jack Bauer CTU
236,\~5
237,Mediacom
238,RUS
239,FandangoNow
240,Shield/Android TV
241,YouTube TV
242,the ARRIS Surfboard SB6141
243,DirecTVNOW
244,YouTube Live
245,CS4
246,Frontier Communications
247,The Solid Signal 8
248,K Ultra
249,WMC
250,1Gbps
251,Westlaw/Quicklaw
252,TCP/IP
253,PQ
254,"the ""Barely British Channel"""
255,TiVo
256,Oscar De La Hoya
257,the Roku 3
258,WTAE
259,WCCO
260,Spectrum Choice
261,Marvel Entertainment‚Äôs Marvel TV
262,Incredibly
263,6ABC
264,NHL Networks
265,Crown
266,Sports](http://506sports.com
267,Nvidia
268,HD Technology
269,Amazon / Hulu
270,AmazonOverall
271,Italicize
272,R.I.P. Fibrant
273,Bleacher Report
274,the Supreme Court
275,Samsung
276,the Intel Puma 6
277,MVNO
278,RG6
279,the Star Gate
280,LOT
281,YouTube Idk
282,Chromecasts
283,Spotify/Hulu
284,Tennis
285,AcornTV
286,Ecery
287,Wireless
288,S403
289,SSID
290,NFLN + FOX
291,PSvue
292,map](https://www.fcc.gov/media/
293,Times Microwave LMR
294,NBC Sports
295,the CS 4MAX/u/
296,Vomit
297,NATGEO
298,PS Vue
299,and&#x200B;DTVN Cons
300,PS Vue Access
301,the Better Business Beureau
302,Mythbusters
303,UHF
304,Suggestion
305,Admit
306, BBC America
307,Express
308,ION
309,TNF
310,FX & NatGeo
311,SiliconDust Premium TV
312,the Coen Brothers
313,AT&T Fiber
314,FREE Roku channels)).A TV
315,Channel Master CM 2016
316,OS
317,DNC
318,CES
319,Comcast U-Verse
320,Hululive
321,Merlin
322,CBS FOX
323,SmartTV
324,the Science Channel
325,Disney/Fox
326,U Verse
327,HGTV/DIY/Travel Channel/Cooking/Food Network
328,Sling
329,CBS News Fire TV
330,WJZY
331,Allstream
332,Whole Foods
333,4K](https://support.fubo.tv/hc/en-us/articles/360011479911-Does-fuboTV-offer-any-content-in-4K-HDR-
334,Broncos
335,DIYing
336,NHL for Rangers
337,Sky News
338,Cinemax/HBO/Showtime
339,NAME
340,HDHR/Plex
341,AAA
342,I5
343,the 1TB
344,Amazon Prime.$40
345,Started
346,iPlayer
347,HUGE
348,HOA
349,UTF8&qid=1536099068&sr=1-3&keywords
350,Ahahhahaha
351,\[cable\
352,Eventghost
353,12-month
354,iPad
355,TWD
356,HD Homerun
357,the Live
358,TotesMessenger
359,Nintendo
360,Outdoor Flatwave
361,ESPN Watch
362,Local Station
363,Hulu Live has HGTV
364,NEW
365,XYL
366,Google TV
367, 
368,"Roku, Firestick"
369,DVR TV
370,ATSC
371,Cox Cable
372,Orange or Blue
373,DLC
374,OTT Live
375,AT&T Uverse
376,the Antennas Direct
377,Magazine
378,Starcraft
379,Preferably La Liga
380,Alphabet Inc.
381,House
382,CDN
383,Microsoft
384,üòÅ
385,Generic Android TV
386,the Internet Explorer
387,FD
388,Summary**](http://np.reddit.com/r/autotldr
389,OTA Roamios
390,Sin
391,Mohu Leaf 50.Garbage!Stick
392,OTA MPEG2
393,KCSO
394,Uverse
395,The European Parliament
396,BHPhotoVideo
397,K (
398,Best Buy
399,Live TV
400,Linksys
401,Bleacher Report Live
402,Audio/Video
403,this Arris SB6190
404,Amazon Now
405,Twitch
406,Verizon LTE
407,ATT
408,Create
409,PAC-12
410,TX
411,WNBC
412,Stood
413,OTA 1TB
414,Northrop
415,CableCard/Comcast/HDHR
416,AMPTP
417,Yankees
418,Rangers
419, ESPN+
420,Pepsi
421,PS
422,DVR
423,Summary**](http://np.reddit.com
424,NBC-11
425,Version 2.02
426,HDHR
427,Pros/Cons
428,the LG TV‚Äôs
429,NFL Guide
430,Homerun
431,Shitty
432,Toms
433,FREE
434,supported.https://my.hdhomerun.com/instructions/western-digital/
435,the European Commission
436,"OfferUp, LetGo"
437,this Flatwave Air
438,Cable
439,ICQ
440,Ya
441,BBC
442,Plex
443,Tiffany‚Äôs
444,GE-Pro-Outdoor-Yagi-Antenna-70-Mile-Range-VHF
445,Asking
446,&quot;Verizon
447, ham Operator
448,Facebook Video
449,WAN
450, ChannelMaster DVR+
451,Channel Master's
452,Family Guy
453,AOL
454,NAT
455,FXXI
456,Star Trek
457,PopcornFlix
458,SUSTAINED
459,Netflix & Youtube TV
460,Kill
461,BUY
462,though--11.2
463,NBC Sports Gold
464,RasPi
465,YMMV
466,channels.](https://imgur.com
467,100GB/mo
468,Pillsbury
469,Android/Android TV/Fire TV
470,The Office
471,"PlayStation Vue, Direct TV Now"
472,the Insider access)
473,HVEC
474,the ‚ÄúChannels‚Äù
475,DIRECTV
476,RSN
477,"The ""Live TV"""
478,channels](https://www.cnet.com
479,SHIELD
480,PA
481,Cable ISP's
482,Roku Ultra
483,Ubiquiti AP
484,Vue YTTV
485,Separate
486,World Sports
487,Traditional TV
488,Cut
489,NFPA
490,ONT
491,Creepiest
492,World Hunger'].randomSubset
493,Fox Sports
494,DTVNOW
495,PBS
496,Sports
497,Fall
498,Sling TV Blue
499,Grand Tour
500,DiscountMags
501,here](https://www.theverge.com/platform/amp/2018/9/20/17883860/amazon-fire
502,Airbox Inc.
503,SEC Network
504,Black Books
505,the Roku Ultra
506,Champions
507,pricing?&#x200B;Notye
508,FOMO
509,Ghosted on Hulu
510,EPSN
511,Service
512,Roku](https://www.roku.com
513,National) channel
514,Taco Bell
515,Vue Core
516,Sling TV Orange + Blue
517,WTNH/WCTX
518,2-to-3
519,Sprint/Virgin
520,Stream+
521,EZ
522,Liberty Media
523,ACA
524,Cable companies'
525,FIFA
526,Time Warner/Spectrum
527,Amazon Stick
528,Thanos
529,Tastemade
530,TWC
531,Xbox One TV Tuners
532,Nextflix
533,the Harmony Remote
534,Ultron
535,complianceI
536,Sling TV Blue + Lifestyle Extra
537,Echos
538,Time Warner
539,check](https://help.kanopy.com/hc/en-us
540,Cowboys
541,MLS
542,House of Cards S1
543,FBI
544,Cable/Satellite
545,~~Two~~ Three
546,Hdhomerun
547,KTBC
548,OKC
549,Villanova
550,Sports and News
551,nocable.org
552,Digital
553,Digital TV
554,quadHD
555,Core on Vue
556,IMO‚Äî
557,the Winegard Freevision
558,ChannelMaster
559,Dolby Digital
560,Regional Sports Networks
561,HERE](https://www.amazon.com
562,NBCSports
563,The Roku Premiere
564,Disney Channel
565,Gargoyle
566,Satellite
567,N/NE
568,Disclaimer
569,WHAS
570,Lampley
571,TabloTV
572,AT&T
573,AntennasDirect
574,GOT
575,MVPDs
576,ESPN3
577,Quantum
578,YTTV
579,Congressional
580,LAN
581,Churn
582,Cord
583,TMobile
584,Marvel Studios
585,the Live Channels
586,TYT
587,B00DQN3R9O
588,Cadillac
589,& RSN
590,Quality of Service
591,CC
592,MVP
593,Disney/ESPN
594,Samsung TVS
595,HGTV/TLC
596,El Dorado
597,HBO/DC/WB
598,Commercial Free
599,Delete
600,Walden Media
601,WESH
602,Axios
603,their Live TV Service
604,stations](https://www.amazon.com
605,Soon Disney
606,PS Vue Launches 200 Local Broadcast Stations
607,OVA
608,USA
609,FFW
610,U/Sec Network
611,ESPN+
612,Congress
613,Odd
614,STB
615,the HD HomeRun
616,IView
617,Bell
618,Comcast.
619,NFL Network/Redzone
620,Walmart.https://www.amazon.com/RCA-Compact-Outdoor-Antenna-ANT751E/dp/B0024R4B5C
621, Itunes
622,Westworld &
623,the Executive Branch
624,the 'Tivo Stream'
625,DNS
626,and~~
627, PQ
628,ESPN News
629,YTTV/Chromecast
630,Internet.$10
631,Serie A
632,Plex/Channels
633,Pac12
634,ATT UVerse DSL
635,Tick
636,FCC
637,Cyma Zarghami
638,Lockheed
639,DolbyVision
640,HDR Roku TV
641,Time
642,EL O EL
643,Logitech
644,WPIX
645,CNS News
646,Verizon for &quot;Unlimited&quot
647,NFL Network
648,Wired Magazine
649,RV
650,KCOP
651,The Roku Channel
652,KHQ
653,Century Link
654,Network and
655,Live Breaking News
656,Frontier
657,Mouse
658,https://layer3tv.com/
659,U-Verse
660,Mandalore
661,the Super Sport
662,USA Network
663,GOT MEN ON
664,Uverse TV
665,Roku tv's
666,Waymo
667,ATSC 1.0
668,Eagle Aspen
669,7
670,FTV
671,Nebraska
672,directvNOW
673,PP
674,BuzzFeed
675,CBS Interactivehttps://itunes.apple.com
676,Wild & Crazy Kids
677,CS
678,PBS Masterpiece Theater
679,HdHomeruns
680,Knicks
681,Amazon Fire
682,Neb
683,ABC/CBS
684,Eagles
685,Iris
686,C7800(Modem
687,PBS Kids
688,Locast
689,NextPVR
690,"cable.""I'd"
691,Shelby Twp
692,AmazonThe
693,iPod
694,Boomers
695,SLING
696,BluRay
697,FSN
698,Roku/firestick
699,Amazon Originals
700,Crypt
701,Roku 4k Ultra
702,DC
703,Bake Off
704,Fortune.com
705,HAM
706,Crazy
707,MACor iPhone
708,https://buyasession.att.com
709, 4.87GB
710,the Missouri Pacific Railroad
711,Yahoo Sports
712,cwtv.com
713,Patreon
714,Amazon Primes
715,bid.>Final
716,Cable Card Tuner
717,the best.&#x200B;Hulu Live Pros
718,WAVE
719,Multiple
720,Philo](https://www.reddit.com/r/PhiloTV/comments/9loats/you_can_now_add_up_to_10_profiles_on_philo/)&nbsp;*^(If
721,Cell
722,get.&#x200B;I
723,TCL Roku
724,Consumers Report
725,the Fire Department
726,Disney holdings](https://www.titlemax.com
727,HDNet
728,Combiner](https://www.amazon.com
729,TCM
730,Bedroom TV
731,170GB/mo
732,PCM/Wave
733,the First Gen Firestick
734,Zipcode
735,YouTube TV.Easily
736,VR
737,the Winegard Flatwave
738,Amazon.com
739,StartUp
740,DUSTx
741,Starz
742,Mendocino Complex Fire
743,Plex Servers
744,XBox One S
745,NBCsports
746,CBS/FOX
747,USPS
748,Advanced Media
749,Comcast Business
750,NY
751,Signal XS
752,Apple
753,Yahoo View
754,WRT54
755,Harlets
756,Dyson
757,Video LAN
758,Mediasonic Homeworx
759,Limited Commercials
760,NBATV
761,NHL
762,Bayern
763,ads?Sorry
764,Fire/TV
765,the Hub for my TV
766,Alexa Box Thingy
767,GOP
768,DC Comics
769,the ‚ÄúJustice League‚Äù
770,Xbox/
771,LotR
772,TBS
773,TIL
774,CTE
775,Solid Signal XS
776,Pacific
777,Motorola SB5101U
778,Comcast/NBC
779,LG
780,BBCA
781,Superfast
782,WNYW
783,Need
784,MTSO
785,Buck/Aikman
786,Timezone Chart
787,Stream
788,Hue
789,Google Live Channels
790,https://www.outline.com/bnwPjeTo
791,RCA Yagi
792,Easy &
793,Video
794,FlickMetrix
795,Sales Consultant
796,ABC News
797,IL.https://www.amazon.com
798,the Channels App
799,The Fellowship of the Ring6
800,TNG
801,Network TV
802,Digital Converter Box
803,SSH
804,WatchESPN
805,Federal
806,Comcast
807,CBS 40-60
808,Western Digital Easystore 8TB (For Plex
809,House of Cards
810,Xtreme Signal
811,PS Plus
812,Stellar Labs
813,Vue's
814,Insignia Roku TV
815,NFL Redzone
816,TCL TV
817,QCAM
818,LifeStyle Extra
819,TiVo Romeo
820,at&t
821,DIRECTV Equipment Servicesand
822,Shield TV
823,msnbc
824, SLOWING the Deployment of 5G
825,Supergator
826,Disconnect
827,DV
828,KRCA
829,IDR
830,Home Office
831,BR
832,TVI
833,Castle Rock
834,Sandvine
835,PS Vue Core Plan
836,A&E
837,Shorts
838,INSSIDER
839,B00TQEX8BO&pd_rd_r=1f18572a
840,Romaio
841,BP
842,comments/9hhl4l/amazon_announces_dvr_fire_tv_recast_updating/
843,Comcast and Spectrum
844,Britbox
845,Lease
846,YYTV
847,SSD
848,400/20
849,Nickelodeon
850,PS VUE
851,Golden State Warriors
852,Young Justice
853,DAZN USA
854,ABC/CW
855,Roku with HGTV
856,Jets
857,"NFL Network,"
858,NBCSN
859,DirectvNow
860,OTW
861,Expanse
862,TBBT
863,Pandora
864,ADB.Miner](https://www.google.com
865,Panasonic
866,Target
867,Student Version
868,Amazon Video
869,Comcast &
870,Escobar
871,Silicon
872,Gig
873,Sling TV International
874,Extra
875,the National Association of Broadcasters
876,CableCard Rental + Taxes & Fees
877,B.
878,TVfool.com
879,CBS News
880,Ubiquiti [EdgeRouter-X](https://www.amazon.com/Ubiquiti-EdgeRouter-Advanced-Gigabit-Ethernet/dp/B00YFJT29C
881,The Big Bang Theory
882,VP9 Audio
883,/Live TV
884,Roku for
885,Anime
886,Hoopla Digital
887,Complex
888,speedI
889,Premium TV
890,Schedules Direct
891,Cartoon Network
892,Justice League
893,Plex TV
894,The Movie Network Go
895,Monitor
896,Grande Communications
897,u/08830
898,ESE
899,YouTube Premium
900,Nvidia Shields
901,DTVN
902,Foxtel
903,Price
904,NEVER
905,JustWatch
906,the Disney Now
907,WE
908,Parks and Associates
909,Calyx Institute
910,Philio TV
911,FXNOW
912,ESPNESPN Insider
913,connection?I'm
914,3rd party
915,Bear
916,TS
917,Realize
918,STB/CM
919,Wave
920,PS vue
921,CAN
922,HD
923,AND/OR
924,Nvidia Shield
925,Tele
926,Planet of the Apps
927,Watch TV
928,LifeTime
929,B074CPGFYC](https://www.amazon.com/ClearStream-Multi
930,Vodafone TV
931,Smithsonian Channel
932,NOW
933,BTN
934,the Serie A season
935,VUDU
936,NBA League Pass
937,MMA/UFC
938,Shield
939,ISP‚Äôs
940,CRTC
941,No Game of Thrones
942,Eureka
943,MSG
944,Fox / NBC / CBS
945,rtings.com
946,www.broadcastingcable.com/.amp/news/tca-2018-cbs
947,IP-TV
948,PornHub
949,Dolby Vision
950,RedZONE
951,SHIELD TV boxesYou
952,the Channel Master Stream+
953,Clearstream
954,FIL
955,WDC
956,Tablotv.com
957,BS
958,Docsys
959,NCAA
960,UL
961,People has 8 seasons
962,AndroidTV
963,anyway).Still
964,Velocity
965,BINGENOW
966,Smithsonian
967,FilmStruck
968,Newsmax
969,AT&T Watch TV
970,250/10
971,FX/FXX
972,FailArmy
973,Ozark
974,WUSA
975,Matchroom
976,FTC
977,RSS
978,ROKU
979,ZoominTV Futbol
980,iPhone
981, Roku TV
982,Wal-Mart
983,Sinclair
984,the Channels DVR
985,Core Blue
986,BestBuy
987,Warner Brothers
988,HGTV and Food Network
989,OHI
990,GoT
991,Boeing
992,This](https://www.amazon.com
993,YouTube
994,LG TV
995,MLB TV
996,money.‚ÄúThe
997,amazon](https://www.joinhoney.com/
998,Toast
999,Portal
1000,Channels
1001,Western MA
1002,ALOT
1003,H-850
1004,not.&#x200B;[http://www.nfl.com
1005,NBC Sports Philly
1006,~~GOP~~
1007,CenturyLink Stream
1008,CBS
1009,Candidate
1010,https://www.silicondust.com/hdhomerun/hdhomerun_development.pdf
1011,"the Home, Live"
1012,Dishes
1013,Tube TV
1014,UMP
1015,The Tick
1016,Difficulty
1017,Android / iOS
1018,PSVue (Core
1019,Penguin
1020,‚ÄúHulu Live TV
1021,Touch
1022,UTF8&pd_rd_i
1023,link](https://www.roku.com
1024,WTVC
1025,ABC 7
1026,Telcos
1027,ATM
1028,Fox Sports North
1029,k6usy
1030,Mubi
1031,1Mbps-4Mbps
1032,AT&T Unlimited &More
1033,TCL Roku TV's
1034,Cozi
1035,‚ÄúUFC Countdown
1036,services](https://www.reddit.com
1037,Motorola
1038,Unimas
1039,Air TV
1040,IMHO
1041,MTV Live
1042,SLA
1043,NetflixJustin
1044,VP
1045,Unique
1046,Ooh
1047,Breakfast Club
1048,Serena
1049,Unlimited MB
1050,HBO Go
1051,Viacom
1052,Range
1053,ClearStream
1054,Winegard LNA-200 XT
1055,The Good Place
1056,VLC
1057,100/10
1058,PNG
1059,Light TV
1060,Live Streaming Services
1061,Facebook
1062,the USA
1063,WeatherUnderground
1064,Europa League
1065,Locast.org](https://Locast.org
1066,Headphone
1067,DC Universe
1068,World Trade Center
1069,$39.99 
1070,FTP
1071,WPGX
1072,My TV
1073,Roundhouse
1074,Ehh
1075,Disney/Marvel
1076,LOS
1077,HBO Boxing
1078,BR Live
1079,HDHomeRun Premium Service
1080,"Cable, Phone"
1081,HDD
1082,Murdock
1083,IPTV
1084,ESPN College Extra
1085,Pro
1086,Tablo TV
1087,ISP
1088,HBO GO
1089,the IMDB Top
1090,MSO
1091,Washington Redskins|CBS
1092,My Line
1093,$50 &
1094,Google OKC
1095,TedDanson
1096,ElCanal del Futbol* Seattle Sounders FC
1097,WZRB
1098,Alumni
1099,TERRABYTE
1100,Rocket League
1101,Xfinity
1102,Box
1103,LL
1104,Silicon Dust‚Äôs
1105,CRUCIALLY
1106,NBC News
1107,"Nick, FreeformIf"
1108,FandangoNOW
1109,ETF
1110,Reddit
1111,XYZ
1112,RG11
1113,HLG
1114,coming](http://www.aftvnews.com
1115,Agree 100%
1116,AT&T Watch Tv
1117,MAC
1118,fees*First 3GB
1119,CW Seed
1120,GIF
1121,Sling Tv
1122,RAI Italia
1123,Curiosity Stream
1124,Sprint LTE
1125,DirecTVNow
1126,"AOL, Earthlink, Netzero"
1127,YouTube Red/Premium
1128,SHAME
1129,PCB
1130,Dish Network
1131,PSVue Elite
1132,Winegard Freevision
1133,Domestic DataConnect Pass Auto Renew Plans
1134,DMA
1135,HAHAHAHA
1136,K TV
1137,PUMA
1138,ROKU FOR LIFE
1139,FML
1140,¬†ESPN+
1141,purchase)[https://www.hfqpdb.com
1142,Roku
1143,Fire Tv Cube
1144,Comcast to UVerse
1145,Verizon Fios
1146,Six Nations
1147,the ASUS RT-AC68U  AC-1900
1148,Teltik
1149,CBS Sports HQ
1150,Roku 3's
1151,Coincidence
1152,Philo TV
1153,SAHM
1154,AT&T Unlimited &More Premium
1155,S8
1156,Psvue
1157,Steam
1158,Cancel Spectrum
1159,Fox
1160,this.](https://i.redd.it/e4fr7kwijt301.gif
1161,PBS30-2 on NHK Tv
1162,Vudu.3
1163,WD Easystore
1164,Roku and
1165,Hoopla
1166,w/ Live TV
1167,TPLink
1168,The Verge I
1169,card/](https://www.xfinity.com
1170,GP3
1171,Malinaggi
1172,Checkmate
1173,"it)32"" Roku TV (HD) in the Guest Bedroom"
1174,The Roku Stick+
1175,AppleTvs
1176,SyFy
1177,Post
1178,mythTV
1179,  
1180,Putt
1181,ISP'S
1182,AntennsDirect
1183,Digital FTW
1184,Dolby Digital Plus
1185,HDMI-CEC
1186,6ABC Philadelphia
1187,ATV
1188,Christ
1189,APPS
1190,ESN
1191,FOX
1192,Apple Podcast
1193,Fire TV
1194,First mo Free
1195,AT&T & Cox
1196,Amazon & Hulu
1197,HDhomerun
1198,Impossible Engineering / Extreme Engineering and Epic Engineering
1199,Core Package
1200,the Instant TV / Stream
1201,Roku UI
1202,Google Opinions
1203,justwatch.com](https://justwatch.com
1204,TCL Roku TV
1205,FTFY
1206,HD TECHNOLOGY FEE
1207,Cable (
1208,RadioShack
1209,CRT TV
1210,X1
1211,else.](https://support.plex.tv
1212,"France24, NHK World"
1213,Cable/Fiber + Ethernet
1214,XM
1215,WISP
1216,MindHunter
1217,NESN
1218,/r/GoPhone
1219,Fiber Tower
1220,MagicJack
1221,AC
1222,FireStick
1223,CBS News'
1224,HBO(Now/Go
1225,Nbc
1226,Intel
1227,States Rights
1228,Closest
1229,LTE.LTE
1230,PSVUE
1231,Baby Gone
1232,Mohu
1233,the Clear Stream 2 Max
1234,Cube
1235,ClickingSkip
1236,DTTV
1237,Mohu Leaf
1238,QoS/CoS
1239,VHF
1240,Intel Puma
1241,Channel Master CM-4220HD
1242,P/N:
1243,Android phone &
1244,Commission
1245,Acorn Tv
1246,MPG
1247,Samsung TV
1248,TNT
1249,HATE
1250,B00ZV9RDKK/
1251,Entercom
1252,UHF-25
1253,IPad
1254,Comet TV
1255,Google & Amazon
1256,Nuvyyo
1257,Innocents
1258,the Antenna Integration
1259,CBSN
1260,HuluLive
1261,RCA
1262,ESPN the Magazine
1263,MB
1264,Hauppauge TV
1265,PSVue Core Tier
1266,Remote
1267,RedZone
1268,DFS
1269,Sling TV
1270,TB Comcast
1271,Strangers Things
1272,Green
1273,Android Tubi
1274,Media
1275,Silicon Dust
1276,BARELY
1277,WTXF
1278,Unite Pro
1279,Fair
1280,HDDVR
1281,Channel plus  2532
1282,ISP/
1283,CFL
1284,Alexa
1285,EMI
1286,NY Knicks
1287,Handmaid's Tale
1288,Entire
1289,"National Geographic, Travel"
1290,YTV
1291,Orange + Blue
1292,CSG
1293,Disagree
1294,TheVerge
1295,Disney &
1296,Black Mirror
1297,Westworld
1298,nflst.directv.com/amazonfiretv
1299,Target/Hulu
1300,PVR
1301,NN
1302,NON
1303,GF
1304,K Stick
1305,FuboTV.>I
1306,4k
1307,Roku 2 XS
1308,Sling Blue
1309,Serie A.  
1310,the Live channel
1311,View
1312,Univision on Spectrum
1313,Comet Tv
1314,Yellowstone
1315,IndieFlix
1316,50Mb
1317,UX
1318,with.[https://www.cordcuttersnews.com
1319,Bein Sports en Espanol
1320,AT&T.
1321,HDHomeRun
1322,Next
1323,Google Fibre
1324,Ceton Cable Card
1325,Tablo
1326,CBC
1327,Waco
1328,Rick & Morty
1329,Better Call Saul
1330,Premiere Plus & the Ultra
1331,Mindhunter
1332,Catastrophe
1333,eBay
1334,Discovery Inc.
1335,NatGeo
1336,Reuters TV
1337,Vereichzon
1338,-really-
1339,OC
1340,USL
1341,Major League Soccer
1342,Cable news
1343,HBO Now/ESPN+
1344,Clearmax
1345,Fubo TV
1346,QUALITY
1347,CableCards
1348,Fox News
1349,ATT Watch TV
1350,CL
1351,Freeview
1352,Dropbox
1353,Nexflix
1354,CBS/Fox/
1355,Directvnow
1356,Disney Marvel
1357,Nationalizing Comcast
1358,C2G
1359,300/30
1360,Bzzr
1361,reply!.
1362,The UPS Store
1363,Cellular
1364,NBC Sports Philadelphia
1365,BR Live's
1366,iOS
1367,WQED
1368,Sweet
1369,WWE
1370,Zap2It
1371,Devices
1372,Print
1373,Bell/Rogers
1374,Kinda
1375,Comcast Corp.‚Äôs
1376,HQ
1377,DSL
1378,MLB
1379,Sprint
1380,FINALLY
1381,Cricket/AT&T.
1382,Food Network
1383,DTN
1384,Sony Android TV
1385,MPBS
1386,MSG Networks
1387,Game of Thrones
1388,Channel Master CM-2018Keep
1389,EU
1390,services?An
1391,Channel Master CM4221HD
1392,WatchAid
1393,Network Neutrality2
1394,ATV/Roku/PS4
1395,/r/HomeImprovement
1396,HDHomerun
1397,HDMI
1398,this Mediasonic HOMEWORX
1399,Sonic
1400,AT&T U-Verse
1401,Reuters
1402,"Warner, & DC"
1403,Fox Sports NorthSling
1404,OA
1405,Pause Live Tv
1406,Roku I'd
1407,HomeRun
1408,WXIA-TV
1409,Roamio
1410,CBS Sports
1411,Alexa Voice Remote
1412,GuideDoc
1413,ANT
1414,Live Channels
1415,MPAA
1416,HOLY
1417,Yahoo Sports App
1418,Netflix & YTTV
1419,Marvel Action
1420,YouTube Red
1421,Homeworx
1422,Crave TV
1423,WETA
1424,Neflix
1425,Winegard
1426,same.**edit
1427,Hulu Live TV
1428,Forbes
1429,HD TV
1430,Xfinity Stream
1431,Showtime
1432,YouYube TV
1433,FOX &PBS
1434,NBC SN
1435,daysYouTube
1436,CSN
1437,Better call Saul
1438,DTS
1439,IIRC
1440,FFWD
1441,AirPlay & Chromecast
1442,I95
1443,the Time Warner Cable
1444,possible.>a
1445,Xbox One
1446,Bestbuy
1447,NFLN
1448,KEEP
1449,eyes).Fubo
1450,Roku Devices
1451,Time-Warner
1452,Public Broadcast
1453,https://www.spectrum.com/streamtv.html
1454,Vorbis
1455,DRMed
1456,WCBS
1457,YouTube Music
1458,Locast.org
1459,PS VUE Elite
1460,Youtube Tv
1461,Prime Video
1462,WFTC
1463,Toshiba Fire TV
1464,Georgia PBS
1465,NF
1466,Nvidia Shield TV
1467,CN
1468,QuickSync
1469,CFB
1470,TVfool
1471,FDD
1472,Joshua
1473,ITV
1474,DIRECTV Channels
1475,EMEA
1476,too](https://blog.roku.com/en-ca/amazon
1477,FXX
1478,the Arris SB6190 Modem
1479,Disregard
1480,Brit Box
1481,Saints|Fox/NFL Network  
1482,Downton Abbey
1483,C-Span
1484,Daredevil S1
1485,ESPN Insider
1486,Apple Music
1487,Alternatives
1488,AFC
1489,things.>I
1490,MPEG
1491,Sharp
1492,SunTrust
1493,Marvellous Mrs Maisel
1494,States' Rights
1495,Comcast 150Mbps & 1TB Cap
1496,YouTube TV's
1497,VHF-HI
1498,Indoor
1499,Cbs
1500,NeverThink
1501,Channel Master
1502,"Food, Travel"
1503,obstructions?An
1504,Queue Faux News
1505,GE
1506,NBCSports Philly
1507,MLBAM
1508,HERE](https://support.google.com
1509,IOS
1510,Sound Systems
1511,Weather Tracker TV
1512,Roku TV
1513,Atypical
1514,NVIDIA Shield USB
1515,BNSF
1516,AT&T Inc.
1517,Broadband.com
1518,MTV
1519,DCU
1520,KABC
1521,Morty
1522,TCL
1523,Youtube
1524,info)](https://np.reddit.com
1525,WORSE
1526,Atv
1527,BritBox
1528,Burger King
1529,VZ
1530,Google Voice
1531,UBS AG
1532,NBA TV
1533,AZ
1534,Funny Spectrum
1535,Firetv
1536,100Mb
1537,the LA Times
1538,HDHomeRun Qautro Premium TV
1539,¬†
1540,Antennas Direct Clearstream
1541,SHOWTIME
1542,KungFu
1543,Starz & HBO
1544,GB
1545,Wireless Remote with Voice Search
1546,the NBA League
1547,Splat
1548,the Weather Channel
1549,Department
1550,Premier League
1551,Guys (AICO
1552,Point
1553,Signal
1554,El Rey
1555,MLB Network
1556,Cable-TV
1557,Telemundo
1558,DTNOW
1559,OTT
1560,Channel
1561,the Los Angeles Public Library
1562,SlingTV
1563,SiliconDust
1564,Showtimes
1565,Prob
1566,"Charges, Adjustments & Taxes"".Internet"
1567,CM-2018Two
1568,Channel-Master-CM-2018-Outdoor-Antenna/dp/B002KNFI0C
1569,BTW HD Radio
1570,USA).https://www.ringtv.com
1571,FIOS
1572,IP
1573,SoundBar
1574,hours(or
1575,Tech
1576,Pause/RW/FF
1577,DFW
1578,Sabres
1579,Google Mini
1580,Headline News
1581,PS+
1582,recently](https://www.playstation.com/en-us/
1583,Location Guard
1584,BACK
1585,Indy
1586,Walmart
1587,Orville
1588,Hulu Live Tv
1589,CenturyLink
1590,Linux
1591,FS2
1592,MAX
1593,NHL Network
1594,Windows
1595,SUCKED
1596,FF
1597,AKA Stellar Labs
1598,NBCSports Boston
1599,Time Warner Cable
1600,Recode
1601,SECN
1602,NEED
1603,Big10
1604,Blaze
1605,Cinemax
1606,Watch TV App
1607,the Basic Internet
1608,Bolt
1609,NetBuddy
1610,AWESOME
1611,YouTube TV‚Äôs
1612,PAC12
1613,Spectrum Stream
1614,TCM/Hollywood
1615,Hulu & Roku
1616,My Local Comcast
1617,the Atlanta Falcons
1618,the World Cup Group Stage
1619,Bright
1620,KUID
1621,Roku ‚Äòs
1622,People TV
1623,Fuck Windstream
1624,Telecom
1625,Real
1626,Scalability
1627,BMP* Output Resolution Supported
1628,FYI
1629,Ethernet
1630,The Shout Factory
1631,XFINITY
1632,Broadband
1633,GamersTube
1634,WSOC
1635,HDHRs
1636,MSG Network
1637,NBC
1638,DirectTV
1639,WeatherNation
1640,Lilyhammer
1641,SquareTrade
1642,all///
1643,YouTube on LTE
1644,NBC & ABC
1645,the FCC Auction
1646,DIY
1647,Standard Definition
1648,iTunes
1649,DOJ
1650,Universal Kids
1651,Meet the Press
1652,UCF
1653,This Old House
1654,"Chuck, Battlestar Galactica"
1655,Love Sherlock
1656,Mb/s2
1657,Paramount Network
1658,Vizio TV's
1659,"The Office, Brooklyn Nine Nine"
1660,HDMI 1
1661,CNBC
1662,FAVORITE
1663,"squee!""It"
1664,Comcast May
1665,Roku and Fire TV
1666,iView
1667,Trek
1668,Big Bang Theory
1669,FS1
1670,Fox 11
1671,IntrosEasy
1672,/r/HTPC
1673,PSVue Core
1674,Decider.com
1675,FXMovies
1676,Direct-TV
1677,XIVE
1678,SEC
1679,Nazis
1680,RC1
1681,FedEx/UPS
1682,LWW
1683,FOX/CBS/ABC/NBC
1684,DVR/HD/4K
1685,IR
1686,HGTV
1687,Starz & Showtime
1688,VOD
1689,ABC
1690,Kelvin Star Trek
1691,HBO
1692,Hewlett-Packard
1693,AMC
1694,Slight
1695,Pluto TV.Some
1696,NBC Latenight
1697,IMG GE8300* Storage
1698,Kanopy
1699,Starter Guide
1700,VC
1701,DOA
1702,HIMYM
1703,WGBH
1704,Maddow
1705,MCU
1706,Xfinity/Motorola
1707,&
1708,Digital TV Tuner
1709,Plex/Emby
1710,the Fire TV Editions
1711,NNW
1712,Dish Network Inc.
1713,Comcast ~~U
1714,Lifetime
1715,TIVO
1716,KOCO
1717,Amazon Channels
1718,Free Trials
1719,ETA
1720,4ea Franklin
1721,NBC/CBS
1722,Rokus
1723,AoS
1724,Ô∏è
1725,Syfy
1726,UGA
1727,Works
1728,Hot Cosby'ed
1729,less&#x200B;I
1730,VPN
1731,NickSplat
1732,Alien
1733,the Winegard Flatwave Air
1734,Fox/Fox Sports/Fox News/NatGeo/FX/
1735,COX
1736,Motorsport Network
1737,the Service Plan
1738,the WWE Network
1739,the Club
1740,Thick
1741,Super Rugby league
1742,College Humor
1743,FootballGames
1744,Arrows
1745,PS Vue Core Package
1746,Franklin
1747,Jerry
1748,Master of None
1749,the Purple Onion
1750, Seemed
1751,the Fire TV UI
1752,UI
1753,USB HDD
1754,the Roku Ultra with SlingTV
1755,PSVue
1756,Fox Sports Go
1757,WMYT-TV
1758,Dump Comcast
1759,DishNetwork
1760,Donnie Brasco
1761,150 Mile Range Digital TV
1762,https://pi-hole.net/
1763,fs1
1764,Live Cons
1765,Slingtv.com
1766,the Brooklyn Public Library
1767,Band of Brothers
1768,News Guide
1769,Sling Willow
1770,Single Frequency
1771,Windstream
1772,PS Vue Elite
1773,maximum.[https://www.xfinity.com
1774,Verizon
1775,sub-150
1776,The Jersey Shore Shark Attack
1777,IRS
1778,KXLY
1779,GE(general
1780,WAY
1781,FuboTV
1782,the Vampire Dairies
1783,KTTV/Fox
1784,City Council
1785,FNC
1786,a Live TV / Live TV VOD
1787,HGTV that Vue
1788,something.>Amazon
1789,Layer3
1790,VRV Select
1791,Manchester United
1792, &
1793,Reliability4
1794,Amazon Digital Services
1795,PBS Passport
1796,KXLY-DT
1797,the Premiere Plus
1798,UBS
1799,Ahh
1800,Windows Media Center
1801,Blockbuster Video
1802,Dish Satellite
1803,Google
1804,Ummmmmmm
1805,WI
1806,AARP
1807,Combos
1808,HBO Showtime & Cinemax
1809,Roku I've
1810,Roku 2
1811,Iphone/Ipad
1812,Sony Playstation Video
1813,The Weather Channel
1814,the Air TV
1815,FXM
1816,UVerse
1817,HEAVILY
1818,Consumers Reports
1819,Rifftrax
1820,Northwest
1821,HD Motorola
1822,ESPN 1/2/3
1823,Amazon
1824,Limited
1825,Home Depot
1826,Consumer Protection Law
1827,Direct TV
1828,Roku Stick
1829,K Roku TV
1830,all Roku Devices
1831,TDLR
1832,YTTV.I
1833,YouTube TV üì∫
1834, Stonehenge Apocalypse
1835,Roma
1836,HEVC
1837,US Overwatch
1838,the Gray-Hoverman
1839,Gbps per tower
1840,Fire Fighter
1841,State
1842,Vikings
1843,Last Used Input
1844,FXNow
1845,Northland Cable
1846,Live Tv
1847,_
1848,Collateral
1849,the Death Star
1850,K LG TV
1851,Channel Master-4228
1852,Sports Guide
1853,B&W
1854,Science
1855,CO
1856,AMC Stubs
1857,Supreme Court
1858,MVPD
1859,Movies Anywhere
1860,WMUM
1861,Charter
1862,nVidia Shield
1863,Sling TV Blue+Orange
1864,K Roku
1865,Maisel
1866,SKY
1867,BFE
1868,Spotless
1869,Steppenwolf
1870,Hate
1871,Freedom of Speech & Market
1872,Circus
1873,GCU
1874,UFC/Serie A
1875,the Roku OS
1876,DW
1877,Live Stream
1878,rg6
1879,Video Capture 1578
1880,ABC/Fox
1881,the House of Representatives
1882,the Flatwave Air
1883, Video
1884,Turner
1885,SBC
1886,GA
1887,$66/mo Cable
1888,Red Zone
1889,My HD HomeRun Extend
1890,Cable Tv
1891,Sneaky
1892,Electroline EDA 2100
1893,Verizon Wireless Unlimited Data
1894,Air TV Black Box
1895,the State of Washington
1896,B/R Live
1897,guys](https://www.amazon.com
1898,Penn State
1899,AMC FX FXX
1900,the HD Homerun
1901,APP
1902,TCO
1903,Roku LT
1904,Taxes!We
1905,Infuse
1906,Got &
1907,Walking Dead
1908,Philadelphia Eagles
1909,Grande
1910,the TWC Store
1911,Forest City NC
1912,UII
1913,the Twin Cities
1914,WorldCom
1915,the Arris SB8200
1916,Puma
1917,Roku Media Player
1918,PGA Tour
1919,Kristen Bell
1920,HBO Now
1921,Fubo
1922,Voice of America
1923,TV & Internet
1924,College
1925,Vue/Hulu Live/YouTube TV
1926,1Gb
1927,ABC/Fox/NBC/CBS
1928,RF 36
1929,UFC
1930,WFH
1931,BYO
1932,BBC America
1933,SD
1934, Use an FM
1935,Hollywood/Bollywood
1936,Google Fiber
1937,Chromecast
1938,Indoor/Outdoor[https://www.amazon.com/ClearStream-Multi
1939,AP
1940,F-View
1941,CricketGroups
1942,AAC-LC
1943,IMO
1944,MBS
1945,Exxon Mobil
1946,attic).Current
1947,Krumm
1948,üôè
1949,NAS
1950,Quartz
1951,NVIDIA Shield TV
1952,TiVo Roamio
1953,Layer3 TV
1954,USD
1955,TitanTV.com
1956,DoD
1957,& USB
1958,Gallipolis
1959,Judicial Branch
1960,SOLID
1961,HD MPEG2
1962,OTA
1963,Version 17.x
1964,LA Galaxy
1965,PSV
1966,The World
1967,AT&T - $60/month
1968,Channels or Plex
1969,Solid Signal
1970,AM/FM
1971,BOX
1972,Ultra
1973,DC/IR
1974,Satellite Internet
1975,"	"
1976,the Sixth Circuit Court of Appeals
1977,NBA League
1978,The Live TV
1979,Hulu TV
1980,WOW
1981,& DC
1982,NYer
1983,DL
1984,DO
1985,App
1986,Roku devices
1987,CW
1988,Television
1989,signals.you
1990,CBS Corp.
1991,Charter Time Warner Spectrum /r/CharterSpectrum /r/
1992,NBC).I
1993,Acorn
1994,STARZ
1995,Food/HGTV/Discovery
1996,Ask This Old House
1997,No Regional Sports Stations
1998,the Men
1999,the Live TV
2000,CNN
2001,Blockbuster Stores
2002,MIMO
2003,the Channelmaster Stream+
2004,the Roku TV
2005,Hill NC
2006,Visa
2007,DTVN Go Big
2008,KCAL
2009,Vue/YTTV
2010,DTV Now
2011,FULL
2012,PPV
2013,FBC
2014,Unexpected /r
2015,PLENTY
2016,CNET
2017,Hamlet
2018,BIG
2019,the NFL Network
2020,Huawei Mate
2021,the Roku app
2022,NCIS
2023,Union Pacific
2024,BD
2025,Nexus
2026,MSG Plus
2027,AFTV
2028,the True Believers
2029,Redzone
2030,Added Super Sport
2031,aT&T OR Comcast
2032,DirecTV](https://www.walmart.com
2033,the App Store
2034,C.S. Lewis
2035,Gbps
2036,Costco
2037,HDR
2038,SNYyou
2039,AntennaWeb
2040,UnivisionNow
2041,Apple TV
2042,~180¬∫
2043,Super Serious Dramas (Beast of No Nation
2044,Disney & Comcast
2045,this](https://www.amazon.com/GJY-Widescreen-Headphone-Detachable-Automotive
2046,Home NotBoxing Office
2047,K
2048,"HGTV, Food Network"
2049,Dolby
2050,600Mbps
2051,Netflix & Prime Video
2052,Lexus
2053,NIC
2054,etc.?It
2055,the App Store TOS.Now
2056,Giants
2057,WD
2058,NY Rangers
2059,"Vue, Direct TV Now"
2060,Top Rank
2061,Faux
2062,VRV
2063,App Store
2064,Pac-12
2065,Google WiFi
2066,YouTube TV & Netflix
2067,UP
2068,House M.D.
2069,Impossible Engineering
2070,Digital Converter
2071,Roku Express
2072,LTE
2073,Antennas Direct
2074,CentralLet
2075,LE* Ports
2076,5G)
2077,Sundance Now
2078,RF
2079,CBS Undercuts
2080,AT&T/Warner BrothersCable
2081,WWOR
2082,Compare
2083,Baylor vs Texas Tech
2084,CrunchyRoll
2085,Tyranny
2086,the Kindle Owners' Lending
2087,the Tivo Roamio
2088,BT Sport Box Office
2089,Westerns
2090,DVB
2091,Netflix](https://help.netflix.com/en/node/54816
2092,ESPN
2093,Reelgood
2094,iTunes/Amazon/Google Play
2095,Boxing
2096,Eastern
2097,Toshiba
2098,Silicon Dust's
2099,SLing
2100,Microwaves
2101,DRM
2102,Uber
2103,Brighthouse
2104,OTA (Freeview
2105,ABC Digitalhttps://itunes.apple.com
2106,YT TV
2107,Tubi TV
2108,CM4228Change
2109,Verizon Wireless
2110,mid-NJ
2111,Select PGA TOUR
2112,S/SW
2113,CableCard
2114,hotspot(if
2115,"Comcast, Direct TV"
2116,Y&asrn=&extras=&cir=&circen=
2117,Atlanta Comcast
2118,Android TV
2119,Ebay
2120,"Keep it"".It's"
2121,RCA ANT751
2122, Walmart
2123,Outdoor
2124,Meg
2125,GSM
2126,"Nick, HGTV, Food"
2127,ReplayTv
2128,CGI
2129,Google Home
2130,ISP for school
2131,Apple Tv
2132,GDT
2133,USG
2134,APPLE
2135,Granted
2136, one
2137,\~2MB/
2138,FL and NJ
2139,200/20
2140,Pluto
2141,the  ESN
2142,Sports/News/Movies/etc
2143,SNL
2144,Some Girls
2145,NBCSP
2146,Comshaft
2147,KTTV
2148,Channel 4
2149,Youtube TV
2150,Unsub
2151,K SF
2152, Paramount
2153,YouTube for FREE
2154,iPhone/iPad
2155,Justwatch.com
2156,AFIAK
2157,Justice
2158,LTE-LAA
2159,Tuff TV
2160,Warner
2161,Cable EPG
2162,ü§î
2163,Fox/FS1
2164,NBA.com
2165,Boise
2166,CenturyLink 40Mbps
2167,Antennas
2168,Channel 9
2169,Feedback](http://np.reddit.com
2170,Disney
2171,CONtv
2172,THE COSTS ADD
2173,\[url=[https://elkodaily.com
2174,Spike
2175,DTV
2176,II3
2177,Exclusion of FXX
2178,Pluto TV
2179,AHS
2180,Cartoon NetworkAMCHBONick@NightScience ChannelNational Geographic ChannelMTVDisney
2181,Sopranos
2182,the Big Ten Network
2183,& Xfinity
2184,ESPN2
2185,Amazon Fire TV
2186,Vue
2187,the Roku Premiere
